OBJECTID_1,OBJECTID,RS,AGS,SDV_RS,GEN,BEZ,IBZ,BEM,SN_L,SN_R,SN_K,SN_V1,SN_V2,SN_G,FK_S3,NUTS,WSK,EWZ,KFL,BevDichte,SHAPE_Length,SHAPE_Area
1,1,01001,01001,010010000000,Flensburg,Kreisfreie Stadt,40,--,01,0,01,00,00,000,R,DEF01,2008/01/01 00:00:00.000,89504,56.73,,0.524721434982726,0.00687272234946988
2,2,01002,01002,010020000000,Kiel,Kreisfreie Stadt,40,--,01,0,02,00,00,000,R,DEF02,2006/01/01 00:00:00.000,247548,118.65,,1.2746835038485,0.0155068431388598
3,3,01003,01003,010030000000,Lübeck,Kreisfreie Stadt,40,--,01,0,03,00,00,000,R,DEF03,2006/02/01 00:00:00.000,217198,214.19,,1.83453358761886,0.0289275157001577
4,4,01004,01004,010040000000,Neumünster,Kreisfreie Stadt,40,--,01,0,04,00,00,000,R,DEF04,1970/04/26 00:00:00.000,79487,71.66,,0.663261867357153,0.00980836750335333
5,5,01051,01051,010510044044,Dithmarschen,Kreis,42,--,01,0,51,00,00,000,R,DEF05,2011/08/01 00:00:00.000,133210,1428.18,,3.07335258307049,0.196087470134909
6,6,01053,01053,010530100100,Herzogtum Lauenburg,Kreis,42,--,01,0,53,00,00,000,R,DEF06,2009/01/01 00:00:00.000,197264,1263.07,,3.17207769107983,0.171336532845123
7,7,01054,01054,010540056056,Nordfriesland,Kreis,42,--,01,0,54,00,00,000,R,DEF07,2016/01/01 00:00:00.000,165507,2083.53,,8.00021054015064,0.290617685464024
8,8,01055,01055,010550012012,Ostholstein,Kreis,42,--,01,0,55,00,00,000,R,DEF08,2010/01/01 00:00:00.000,200581,1393,,4.49248623805898,0.190814392708296
9,9,01056,01056,010560039039,Pinneberg,Kreis,42,--,01,0,56,00,00,000,R,DEF09,2009/01/01 00:00:00.000,314391,664.27,,2.21695008793051,0.086727454686779
10,10,01057,01057,010570057057,Plön,Kreis,42,--,01,0,57,00,00,000,R,DEF0A,2009/01/01 00:00:00.000,128647,1083.56,,2.881398390406,0.149247388831738
11,11,01058,01058,010580135135,Rendsburg-Eckernförde,Kreis,42,--,01,0,58,00,00,000,R,DEF0B,2014/02/01 00:00:00.000,272775,2189.78,,4.64231281685512,0.299279978979768
12,12,01059,01059,010590075075,Schleswig-Flensburg,Kreis,42,--,01,0,59,00,00,000,R,DEF0C,2016/01/01 00:00:00.000,200025,2071.33,,5.41821673561279,0.276890135789698
13,13,01060,01060,010600005005,Segeberg,Kreis,42,--,01,0,60,00,00,000,R,DEF0D,2010/01/01 00:00:00.000,276032,1344.47,,3.58259996067964,0.184051896360715
14,14,01061,01061,010610046046,Steinburg,Kreis,42,--,01,0,61,00,00,000,R,DEF0E,2009/01/01 00:00:00.000,131347,1055.71,,2.53186059000393,0.139256473806705
15,15,01062,01062,010620004004,Stormarn,Kreis,42,--,01,0,62,00,00,000,R,DEF0F,2010/01/01 00:00:00.000,243196,766.22,,3.15694521431512,0.104270614563655
16,16,02000,02000,020000000000,Hamburg,Kreisfreie Stadt,40,--,02,0,00,00,00,000,R,DE600,1974/01/01 00:00:00.000,1841179,755.09,,2.90105039789804,0.100659093258398
17,17,03101,03101,031010000000,Braunschweig,Kreisfreie Stadt,40,--,03,1,01,00,00,000,K,DE911,1974/03/01 00:00:00.000,248292,192.7,,1.14167824262558,0.0253259124460313
18,18,03102,03102,031020000000,Salzgitter,Kreisfreie Stadt,40,--,03,1,02,00,00,000,K,DE912,1974/03/01 00:00:00.000,104948,224.49,,1.29084538053157,0.0295338110038364
19,19,03103,03103,031030000000,Wolfsburg,Kreisfreie Stadt,40,--,03,1,03,00,00,000,K,DE913,1972/07/01 00:00:00.000,124151,204.61,,1.10068970770961,0.0270743561295647
20,20,03151,03151,031510009009,Gifhorn,Landkreis,43,--,03,1,51,00,00,000,K,DE914,2009/01/01 00:00:00.000,175920,1567.45,,3.34345702820092,0.208029474477023
21,21,03153,03153,031530017017,Goslar,Landkreis,43,--,03,1,53,00,00,000,K,DE916,2014/01/01 00:00:00.000,137014,966.73,,2.76823120407987,0.126446991865789
22,22,03154,03154,031540028028,Helmstedt,Landkreis,43,--,03,1,54,00,00,000,K,DE917,2017/07/01 00:00:00.000,91307,676.12,,2.78521961621908,0.0889327115292797
23,23,03155,03155,031550011011,Northeim,Landkreis,43,--,03,1,55,00,00,000,K,DE918,2009/01/01 00:00:00.000,132765,1268.76,,2.74356258730577,0.165233110619975
24,24,03157,03157,031570006006,Peine,Landkreis,43,--,03,1,57,00,00,000,K,DE91A,2009/01/01 00:00:00.000,133965,536.5,,1.79156951644063,0.0706620419107308
25,25,03158,03158,031580037037,Wolfenbüttel,Landkreis,43,--,03,1,58,00,00,000,K,DE91B,2009/01/01 00:00:00.000,119960,724.28,,2.50136956735187,0.0950379040231468
26,26,03159,03159,031590016016,Göttingen,Landkreis,43,--,03,1,59,00,00,000,K,DE91C,2016/11/01 00:00:00.000,328074,1755.39,,4.59544560087351,0.227470026859226
27,27,03241,03241,032410001001,Region Hannover,Landkreis,45,Sonderverband,03,2,41,00,00,000,K,DE929,2009/01/01 00:00:00.000,1157624,2297.13,,4.61820270868056,0.303489435905517
28,28,03251,03251,032510012012,Diepholz,Landkreis,43,--,03,2,51,00,00,000,K,DE922,2009/01/01 00:00:00.000,216886,1990.99,,3.64375788978545,0.264799912040013
29,29,03252,03252,032520006006,Hameln-Pyrmont,Landkreis,43,--,03,2,52,00,00,000,K,DE923,2009/01/01 00:00:00.000,148559,797.53,,2.49246070871533,0.104630236812632
30,30,03254,03254,032540021021,Hildesheim,Landkreis,43,--,03,2,54,00,00,000,K,DE925,2009/01/01 00:00:00.000,276594,1208.35,,3.00183533668524,0.158352499362251
31,31,03255,03255,032550023023,Holzminden,Landkreis,43,--,03,2,55,00,00,000,K,DE926,2009/01/01 00:00:00.000,70975,694.27,,2.27324596542414,0.0906458542668627
32,32,03256,03256,032560022022,Nienburg (Weser),Landkreis,43,--,03,2,56,00,00,000,K,DE927,2009/01/01 00:00:00.000,121386,1400.82,,3.8615675782223,0.18587798232143
33,33,03257,03257,032570035035,Schaumburg,Landkreis,43,--,03,2,57,00,00,000,K,DE928,2009/01/01 00:00:00.000,157781,675.66,,2.47957733877849,0.0890820903685052
34,34,03351,03351,033510006006,Celle,Landkreis,43,--,03,3,51,00,00,000,K,DE931,2009/01/01 00:00:00.000,178936,1550.82,,2.94955648852414,0.206120564991609
35,35,03352,03352,033520011011,Cuxhaven,Landkreis,43,--,03,3,52,00,00,000,K,DE932,2010/01/01 00:00:00.000,198213,2058.96,,3.77253648529959,0.279617555796366
36,36,03353,03353,033530040040,Harburg,Landkreis,43,--,03,3,53,00,00,000,K,DE933,2009/01/01 00:00:00.000,252776,1248.45,,3.18343237214033,0.168410422332641
37,37,03354,03354,033545407018,Lüchow-Dannenberg,Landkreis,43,--,03,3,54,00,00,000,K,DE934,2009/01/01 00:00:00.000,48424,1227.19,,2.83717340396573,0.164227595300161
38,38,03355,03355,033550022022,Lüneburg,Landkreis,43,--,03,3,55,00,00,000,K,DE935,2014/11/01 00:00:00.000,183372,1327.81,,3.99183551860731,0.178588057534698
39,39,03356,03356,033560007007,Osterholz,Landkreis,43,--,03,3,56,00,00,000,K,DE936,2009/01/01 00:00:00.000,113517,652.67,,2.14926564381722,0.0879352104548191
40,40,03357,03357,033570039039,Rotenburg (Wümme),Landkreis,43,--,03,3,57,00,00,000,K,DE937,2009/01/01 00:00:00.000,163455,2074.78,,4.28173937776322,0.279170234894621
41,41,03358,03358,033580008008,Heidekreis,Landkreis,43,--,03,3,58,00,00,000,K,DE938,2011/08/01 00:00:00.000,139755,1881.46,,4.46653720649198,0.251491051081002
42,42,03359,03359,033590038038,Stade,Landkreis,43,--,03,3,59,00,00,000,K,DE939,2009/01/01 00:00:00.000,203102,1267.4,,3.71368940354266,0.163717480567484
43,43,03360,03360,033600025025,Uelzen,Landkreis,43,--,03,3,60,00,00,000,K,DE93A,2009/01/01 00:00:00.000,92572,1462.6,,2.67805540304659,0.195654468275041
44,44,03361,03361,033610012012,Verden,Landkreis,43,--,03,3,61,00,00,000,K,DE93B,2009/01/01 00:00:00.000,136792,789.34,,2.69916621179246,0.105549719719201
45,45,03401,03401,034010000000,Delmenhorst,Kreisfreie Stadt,40,--,03,4,01,00,00,000,K,DE941,1974/03/01 00:00:00.000,77607,62.45,,0.541685610436924,0.00837085218566618
46,46,03402,03402,034020000000,Emden,Kreisfreie Stadt,40,--,03,4,02,00,00,000,K,DE942,2004/12/31 00:00:00.000,50195,112.34,,0.858604148725002,0.0150075022179681
47,47,03403,03403,034030000000,Oldenburg (Oldb),Kreisfreie Stadt,40,--,03,4,03,00,00,000,K,DE943,2001/11/13 00:00:00.000,168210,103.09,,0.628689449236324,0.0139281180927161
48,48,03404,03404,034040000000,Osnabrück,Kreisfreie Stadt,40,--,03,4,04,00,00,000,K,DE944,1972/07/01 00:00:00.000,164748,119.8,,0.909738611970738,0.0158267529921757
49,49,03405,03405,034050000000,Wilhelmshaven,Kreisfreie Stadt,40,--,03,4,05,00,00,000,K,DE945,2005/04/23 00:00:00.000,76278,107.07,,0.707101540793031,0.0145821305446317
50,50,03451,03451,034510007007,Ammerland,Landkreis,43,--,03,4,51,00,00,000,K,DE946,2009/01/01 00:00:00.000,124071,730.64,,1.87014183300307,0.0981705533406046
51,51,03452,03452,034520001001,Aurich,Landkreis,43,--,03,4,52,00,00,000,K,DE947,2009/01/01 00:00:00.000,189848,1287.34,,4.66773570678336,0.175261632048635
52,52,03453,03453,034530004004,Cloppenburg,Landkreis,43,--,03,4,53,00,00,000,K,DE948,2009/01/01 00:00:00.000,169348,1420.35,,2.74721273824162,0.189817522685589
53,53,03454,03454,034540035035,Emsland,Landkreis,43,--,03,4,54,00,00,000,K,DE949,2009/01/01 00:00:00.000,325657,2883.64,,3.46430070226438,0.383689121006997
54,54,03455,03455,034550007007,Friesland,Landkreis,43,--,03,4,55,00,00,000,K,DE94A,2009/01/01 00:00:00.000,98460,609.54,,2.58503723922317,0.0836783870395255
55,55,03456,03456,034560015015,Grafschaft Bentheim,Landkreis,43,--,03,4,56,00,00,000,K,DE94B,2009/01/01 00:00:00.000,136511,981.81,,2.33460162870133,0.129883038557395
56,56,03457,03457,034570013013,Leer,Landkreis,43,--,03,4,57,00,00,000,K,DE94C,2009/01/01 00:00:00.000,169809,1085.7,,2.82720384489648,0.14365472623218
57,57,03458,03458,034580014014,Oldenburg,Landkreis,43,--,03,4,58,00,00,000,K,DE94D,2009/01/01 00:00:00.000,130144,1064.83,,2.40335861445121,0.142523501879463
58,58,03459,03459,034040000000,Osnabrück,Landkreis,43,--,03,4,59,00,00,000,K,DE94E,1998/04/01 00:00:00.000,357343,2121.8,,4.55138393797084,0.279932339518056
59,59,03460,03460,034600009009,Vechta,Landkreis,43,--,03,4,60,00,00,000,K,DE94F,2009/01/01 00:00:00.000,141598,814.2,,2.05683128452608,0.108090404034494
60,60,03461,03461,034610002002,Wesermarsch,Landkreis,43,--,03,4,61,00,00,000,K,DE94G,2009/01/01 00:00:00.000,88624,824.76,,2.35091679919125,0.111808082633235
61,61,03462,03462,034620019019,Wittmund,Landkreis,43,--,03,4,62,00,00,000,K,DE94H,2009/01/01 00:00:00.000,56882,656.84,,3.03233335643015,0.089567414630105
62,62,04011,04011,040110000000,Bremen,Kreisfreie Stadt,40,--,04,0,11,00,00,000,R,DE501,2002/01/01 00:00:00.000,569352,317.83,,1.84379781463608,0.0437116957839162
63,63,04012,04012,040120000000,Bremerhaven,Kreisfreie Stadt,40,--,04,0,12,00,00,000,R,DE502,2010/01/01 00:00:00.000,113634,101.53,,0.816875759513751,0.0103927156660089
64,64,05111,05111,051110000000,Düsseldorf,Kreisfreie Stadt,40,--,05,1,11,00,00,000,R,DEA11,1980/01/01 00:00:00.000,619294,217.41,,1.30073705596656,0.0279803150245103
65,65,05112,05112,051120000000,Duisburg,Kreisfreie Stadt,40,--,05,1,12,00,00,000,R,DEA12,1975/01/01 00:00:00.000,498590,232.8,,1.10704190489648,0.0301271990824709
66,66,05113,05113,051130000000,Essen,Kreisfreie Stadt,40,--,05,1,13,00,00,000,R,DEA13,2006/10/01 00:00:00.000,583109,210.34,,0.964894183491841,0.0272061446776548
67,67,05114,05114,051140000000,Krefeld,Kreisfreie Stadt,40,--,05,1,14,00,00,000,R,DEA14,2001/02/01 00:00:00.000,227020,137.77,,0.776489880183123,0.0176305671125197
68,68,05116,05116,051160000000,Mönchengladbach,Kreisfreie Stadt,40,--,05,1,16,00,00,000,R,DEA15,1995/07/01 00:00:00.000,261454,170.47,,0.994597426922141,0.0219396753541797
69,69,05117,05117,051170000000,Mülheim an der Ruhr,Kreisfreie Stadt,40,--,05,1,17,00,00,000,R,DEA16,1975/01/01 00:00:00.000,170880,91.28,,0.548575013768825,0.0117896883889665
70,70,05119,05119,051190000000,Oberhausen,Kreisfreie Stadt,40,--,05,1,19,00,00,000,R,DEA17,2006/10/01 00:00:00.000,210829,77.09,,0.55722965377365,0.0100317259642087
71,71,05120,05120,051200000000,Remscheid,Kreisfreie Stadt,40,--,05,1,20,00,00,000,R,DEA18,1975/01/01 00:00:00.000,110994,74.52,,0.556285253864775,0.0095246323709212
72,72,05122,05122,051220000000,Solingen,Kreisfreie Stadt,40,--,05,1,22,00,00,000,R,DEA19,1975/01/01 00:00:00.000,159360,89.54,,0.719359643302489,0.0114359737585087
73,73,05124,05124,051240000000,Wuppertal,Kreisfreie Stadt,40,--,05,1,24,00,00,000,R,DEA1A,1975/01/01 00:00:00.000,354382,168.39,,1.03675927545344,0.0216768420598861
74,74,05154,05154,051540036036,Kleve,Kreis,42,--,05,1,54,00,00,000,R,DEA1B,2009/01/01 00:00:00.000,310974,1232.99,,3.28381926074513,0.160177598002473
75,75,05158,05158,051580024024,Mettmann,Kreis,42,--,05,1,58,00,00,000,R,DEA1C,2009/01/01 00:00:00.000,485684,407.21,,2.10510510623164,0.052526278626397
76,76,05162,05162,051620024024,Rhein-Kreis Neuss,Kreis,42,--,05,1,62,00,00,000,R,DEA1D,2009/01/01 00:00:00.000,451007,576.28,,2.00620484995276,0.0740751105984623
77,77,05166,05166,051660032032,Viersen,Kreis,42,--,05,1,66,00,00,000,R,DEA1E,2009/01/01 00:00:00.000,298935,563.27,,1.79320974387851,0.072606935279706
78,78,05170,05170,051700048048,Wesel,Kreis,42,--,05,1,70,00,00,000,R,DEA1F,2009/01/01 00:00:00.000,459809,1042.81,,2.83097055281669,0.135295685157438
79,79,05314,05314,053140000000,Bonn,Kreisfreie Stadt,40,--,05,3,14,00,00,000,R,DEA22,1969/08/01 00:00:00.000,327258,141.06,,0.760406151277548,0.0180234385558113
80,80,05315,05315,053150000000,Köln,Kreisfreie Stadt,40,--,05,3,15,00,00,000,R,DEA23,1976/06/01 00:00:00.000,1085664,405.01,,1.43567487349658,0.0520142825698435
81,81,05316,05316,053160000000,Leverkusen,Kreisfreie Stadt,40,--,05,3,16,00,00,000,R,DEA24,1975/01/01 00:00:00.000,163838,78.87,,0.629899065097199,0.0101000697365084
82,82,05334,05334,053340002002,Städteregion Aachen,Kreis,46,Sonderverband,05,3,34,00,00,000,R,DEA2D,2009/10/21 00:00:00.000,555465,706.92,,3.13745706153764,0.0896953932383634
83,83,05358,05358,053580008008,Düren,Kreis,42,--,05,3,58,00,00,000,R,DEA26,2009/01/01 00:00:00.000,263722,941.49,,2.81000572965792,0.119955386240589
84,84,05362,05362,053620008008,Rhein-Erft-Kreis,Kreis,42,--,05,3,62,00,00,000,R,DEA27,2009/01/01 00:00:00.000,470089,704.7,,2.27998160751499,0.0898662367148394
85,85,05366,05366,053660016016,Euskirchen,Kreis,42,--,05,3,66,00,00,000,R,DEA28,2009/01/01 00:00:00.000,192840,1248.72,,3.36739590811392,0.158517616834145
86,86,05370,05370,053700016016,Heinsberg,Kreis,42,--,05,3,70,00,00,000,R,DEA29,2009/01/01 00:00:00.000,254322,627.92,,1.99232522889895,0.0803988498662454
87,87,05374,05374,053740012012,Oberbergischer Kreis,Kreis,42,--,05,3,74,00,00,000,R,DEA2A,2009/01/01 00:00:00.000,272471,918.84,,2.6026729822481,0.117613455588792
88,88,05378,05378,053780004004,Rheinisch-Bergischer Kreis,Kreis,42,--,05,3,78,00,00,000,R,DEA2B,2009/01/01 00:00:00.000,283455,437.32,,1.94656954433512,0.0561326997533435
89,89,05382,05382,053820060060,Rhein-Sieg-Kreis,Kreis,42,--,05,3,82,00,00,000,R,DEA2C,2009/01/01 00:00:00.000,599780,1153.21,,3.72413213406364,0.146806116050615
90,90,05512,05512,055120000000,Bottrop,Kreisfreie Stadt,40,--,05,5,12,00,00,000,R,DEA31,1976/07/01 00:00:00.000,117383,100.61,,0.69864908607862,0.0129954948596577
91,91,05513,05513,055130000000,Gelsenkirchen,Kreisfreie Stadt,40,--,05,5,13,00,00,000,R,DEA32,2002/11/01 00:00:00.000,260654,104.94,,0.666250220690465,0.0136461339621072
92,92,05515,05515,055150000000,Münster,Kreisfreie Stadt,40,--,05,5,15,00,00,000,R,DEA33,1975/01/01 00:00:00.000,314319,303.28,,1.22759089153037,0.0396847745101335
93,93,05554,05554,055540012012,Borken,Kreis,42,--,05,5,54,00,00,000,R,DEA34,2009/01/01 00:00:00.000,370676,1420.95,,3.30462085130627,0.185835749199213
94,94,05558,05558,055580012012,Coesfeld,Kreis,42,--,05,5,58,00,00,000,R,DEA35,2009/01/01 00:00:00.000,219929,1112.04,,2.59996422185475,0.145136152012831
95,95,05562,05562,055620032032,Recklinghausen,Kreis,42,--,05,5,62,00,00,000,R,DEA36,2009/01/01 00:00:00.000,615261,761.32,,2.33905841277465,0.098921489175166
96,96,05566,05566,055660084084,Steinfurt,Kreis,42,--,05,5,66,00,00,000,R,DEA37,2009/01/01 00:00:00.000,447614,1795.76,,3.11932150772731,0.236062823875623
97,97,05570,05570,055700052052,Warendorf,Kreis,42,--,05,5,70,00,00,000,R,DEA38,2009/01/01 00:00:00.000,277783,1319.42,,2.83036488944393,0.172071344457636
98,98,05711,05711,057110000000,Bielefeld,Kreisfreie Stadt,40,--,05,7,11,00,00,000,R,DEA41,1973/01/01 00:00:00.000,333786,258.83,,1.17023442391816,0.0339140107486423
99,99,05754,05754,057540008008,Gütersloh,Kreis,42,--,05,7,54,00,00,000,R,DEA42,2009/01/01 00:00:00.000,364083,969.21,,2.53410830402201,0.126681709236942
100,100,05758,05758,057580012012,Herford,Kreis,42,--,05,7,58,00,00,000,R,DEA43,2009/01/01 00:00:00.000,250783,450.41,,1.84805661067425,0.0592121953101739
101,101,05762,05762,057620020020,Höxter,Kreis,42,--,05,7,62,00,00,000,R,DEA44,2009/01/01 00:00:00.000,140667,1201.42,,2.57915999949624,0.156050375574474
102,102,05766,05766,057660020020,Lippe,Kreis,42,--,05,7,66,00,00,000,R,DEA45,2009/01/01 00:00:00.000,348391,1246.19,,2.80053533853,0.162963479331221
103,103,05770,05770,057700024024,Minden-Lübbecke,Kreis,42,--,05,7,70,00,00,000,R,DEA46,2009/01/01 00:00:00.000,310710,1152.42,,3.16294033418438,0.151947951171029
104,104,05774,05774,057740032032,Paderborn,Kreis,42,--,05,7,74,00,00,000,R,DEA47,2009/01/01 00:00:00.000,306890,1246.78,,2.43400841372078,0.161963270022963
105,105,05911,05911,059110000000,Bochum,Kreisfreie Stadt,40,--,05,9,11,00,00,000,R,DEA51,1975/01/01 00:00:00.000,364628,145.66,,0.764737281488588,0.0187323678067466
106,106,05913,05913,059130000000,Dortmund,Kreisfreie Stadt,40,--,05,9,13,00,00,000,R,DEA52,1975/01/01 00:00:00.000,587010,280.71,,1.17141501734224,0.0362161384200252
107,107,05914,05914,059140000000,Hagen,Kreisfreie Stadt,40,--,05,9,14,00,00,000,R,DEA53,1999/02/01 00:00:00.000,188814,160.45,,0.990157796049316,0.0206887616715584
108,108,05915,05915,059150000000,Hamm,Kreisfreie Stadt,40,--,05,9,15,00,00,000,R,DEA54,2003/03/01 00:00:00.000,179111,226.43,,1.10823255617809,0.0295703690456498
109,109,05916,05916,059160000000,Herne,Kreisfreie Stadt,40,--,05,9,16,00,00,000,R,DEA55,2002/11/01 00:00:00.000,156374,51.42,,0.477923188678516,0.0066715569909719
110,110,05954,05954,059540024024,Ennepe-Ruhr-Kreis,Kreis,42,--,05,9,54,00,00,000,R,DEA56,2009/01/01 00:00:00.000,324296,409.62,,1.96981273757426,0.0530144731045552
111,111,05958,05958,059580032032,Hochsauerlandkreis,Kreis,42,--,05,9,58,00,00,000,R,DEA57,2009/11/01 00:00:00.000,260475,1960.15,,4.22539563943667,0.252617575045225
112,112,05962,05962,059620032032,Märkischer Kreis,Kreis,42,--,05,9,62,00,00,000,R,DEA58,2009/01/01 00:00:00.000,412120,1061.06,,2.39451988591242,0.136650481527927
113,113,05966,05966,059660024024,Olpe,Kreis,42,--,05,9,66,00,00,000,R,DEA59,2009/01/01 00:00:00.000,134775,712.14,,2.2473417359538,0.0912962234646864
114,114,05970,05970,059700040040,Siegen-Wittgenstein,Kreis,42,--,05,9,70,00,00,000,R,DEA5A,2009/01/01 00:00:00.000,278210,1132.89,,2.58752985042606,0.145023434800217
115,115,05974,05974,059740040040,Soest,Kreis,42,--,05,9,74,00,00,000,R,DEA5B,2009/01/01 00:00:00.000,301902,1328.63,,2.65652220601364,0.172328235556453
116,116,05978,05978,059780036036,Unna,Kreis,42,--,05,9,78,00,00,000,R,DEA5C,2009/01/01 00:00:00.000,394782,543.21,,2.37967798698926,0.070377257576994
117,117,06411,06411,064110000000,Darmstadt,Kreisfreie Stadt,40,--,06,4,11,00,00,000,R,DE711,1977/01/01 00:00:00.000,159207,122.07,,0.718858959907884,0.0154045813601532
118,118,06412,06412,064120000000,Frankfurt am Main,Kreisfreie Stadt,40,--,06,4,12,00,00,000,R,DE712,1977/01/01 00:00:00.000,753056,248.31,,1.25521263567401,0.0312018849575261
119,119,06413,06413,064130000000,Offenbach am Main,Kreisfreie Stadt,40,--,06,4,13,00,00,000,R,DE713,1977/01/01 00:00:00.000,128744,44.88,,0.483352472474294,0.00569749865299783
120,120,06414,06414,064140000000,Wiesbaden,Kreisfreie Stadt,40,--,06,4,14,00,00,000,R,DE714,1977/01/01 00:00:00.000,278342,203.87,,0.911296115485201,0.0255876123583319
121,121,06431,06431,064310011011,Bergstraße,Landkreis,43,--,06,4,31,00,00,000,R,DE715,2009/01/01 00:00:00.000,269694,719.48,,2.64789054640597,0.0894614273810189
122,122,06432,06432,064110000000,Darmstadt-Dieburg,Landkreis,43,--,06,4,32,00,00,000,R,DE716,1977/01/01 00:00:00.000,297399,658.61,,2.46641340629564,0.0822437863268324
123,123,06433,06433,064330006006,Groß-Gerau,Landkreis,43,--,06,4,33,00,00,000,R,DE717,2009/01/01 00:00:00.000,274526,453.03,,1.59100718757197,0.0567427274410835
124,124,06434,06434,064340001001,Hochtaunuskreis,Landkreis,43,--,06,4,34,00,00,000,R,DE718,2009/01/01 00:00:00.000,236564,481.84,,1.77228391720656,0.0606478544730624
125,125,06435,06435,064350010010,Main-Kinzig-Kreis,Landkreis,43,--,06,4,35,00,00,000,R,DE719,2011/07/01 00:00:00.000,418950,1397.33,,3.53412004404389,0.176050383220346
126,126,06436,06436,064360007007,Main-Taunus-Kreis,Landkreis,43,--,06,4,36,00,00,000,R,DE71A,2009/01/01 00:00:00.000,237735,222.52,,1.38258207383128,0.0278506266908518
127,127,06437,06437,064370006006,Odenwaldkreis,Landkreis,43,--,06,4,37,00,00,000,R,DE71B,2009/01/01 00:00:00.000,96798,623.99,,1.98168214598222,0.0778319325489066
128,128,06438,06438,064380001001,Offenbach,Landkreis,43,--,06,4,38,00,00,000,R,DE71C,2009/01/01 00:00:00.000,354092,356.23,,1.40995915176251,0.0446721645578272
129,129,06439,06439,064390002002,Rheingau-Taunus-Kreis,Landkreis,43,--,06,4,39,00,00,000,R,DE71D,2009/01/01 00:00:00.000,187157,811.42,,2.43968421021817,0.102118970508033
130,130,06440,06440,064400008008,Wetteraukreis,Landkreis,43,--,06,4,40,00,00,000,R,DE71E,2009/01/01 00:00:00.000,306460,1100.69,,3.11923969639882,0.139063189951807
131,131,06531,06531,065310005005,Gießen,Landkreis,43,--,06,5,31,00,00,000,R,DE721,2009/01/01 00:00:00.000,268876,854.56,,2.56647307197448,0.10854207281229
132,132,06532,06532,065320023023,Lahn-Dill-Kreis,Landkreis,43,--,06,5,32,00,00,000,R,DE722,2009/01/01 00:00:00.000,253777,1066.3,,2.52339435041022,0.135407824701548
133,133,06533,06533,065330009009,Limburg-Weilburg,Landkreis,43,--,06,5,33,00,00,000,R,DE723,2009/01/01 00:00:00.000,172083,738.43,,2.00385754117547,0.0934925471222703
134,134,06534,06534,065340014014,Marburg-Biedenkopf,Landkreis,43,--,06,5,34,00,00,000,R,DE724,2009/01/01 00:00:00.000,246648,1262.37,,2.61329810429014,0.161047963049359
135,135,06535,06535,065350011011,Vogelsbergkreis,Landkreis,43,--,06,5,35,00,00,000,R,DE725,2009/01/01 00:00:00.000,105878,1458.9,,3.27813144536029,0.185305376958594
136,136,06611,06611,066110000000,Kassel,Kreisfreie Stadt,40,--,06,6,11,00,00,000,R,DE731,2004/12/31 00:00:00.000,201585,106.8,,0.75190112124538,0.0134666439875263
137,137,06631,06631,066310009009,Fulda,Landkreis,43,--,06,6,31,00,00,000,R,DE732,2009/01/01 00:00:00.000,222584,1380.42,,2.87582279897478,0.175282894335325
138,138,06632,06632,066320002002,Hersfeld-Rotenburg,Landkreis,43,--,06,6,32,00,00,000,R,DE733,2009/01/01 00:00:00.000,120829,1097.75,,2.84024685440102,0.140304116119523
139,139,06633,06633,066110000000,Kassel,Landkreis,43,--,06,6,33,00,00,000,R,DE734,2015/01/01 00:00:00.000,236633,1293.35,,4.40995504557479,0.16731311386885
140,140,06634,06634,066340009009,Schwalm-Eder-Kreis,Landkreis,43,--,06,6,34,00,00,000,R,DE735,2009/01/01 00:00:00.000,180222,1539,,3.13349747431728,0.197244405675483
141,141,06635,06635,066350015015,Waldeck-Frankenberg,Landkreis,43,--,06,6,35,00,00,000,R,DE736,2009/11/01 00:00:00.000,156953,1848.7,,3.7821202123924,0.237588695086842
142,142,06636,06636,066360003003,Werra-Meißner-Kreis,Landkreis,43,--,06,6,36,00,00,000,R,DE737,2009/01/01 00:00:00.000,101017,1024.84,,3.2893483360417,0.131714602998038
143,143,07111,07111,071110000000,Koblenz,Kreisfreie Stadt,40,--,07,1,11,00,00,000,K,DEB11,1970/11/07 00:00:00.000,114024,105.25,,0.700534958922849,0.0133841327442752
144,144,07131,07131,071310007007,Ahrweiler,Landkreis,43,--,07,1,31,00,00,000,K,DEB12,2009/01/01 00:00:00.000,129727,787.04,,2.30262388628715,0.0996500477430348
145,145,07132,07132,071325001501,Altenkirchen (Westerwald),Landkreis,43,--,07,1,32,00,00,000,K,DEB13,2009/01/01 00:00:00.000,128705,642.38,,2.63928115570676,0.0816688157198823
146,146,07133,07133,071330006006,Bad Kreuznach,Landkreis,43,--,07,1,33,00,00,000,K,DEB14,2009/01/01 00:00:00.000,158080,863.89,,2.21235351726498,0.107962238139925
147,147,07134,07134,071345002010,Birkenfeld,Landkreis,43,--,07,1,34,00,00,000,K,DEB15,2009/01/01 00:00:00.000,80720,776.82,,2.01810087795497,0.096879437773787
148,148,07135,07135,071355001020,Cochem-Zell,Landkreis,43,--,07,1,35,00,00,000,K,DEB1C,2014/07/01 00:00:00.000,61587,692.47,,2.14875280097753,0.0871511905854081
149,149,07137,07137,071110000000,Mayen-Koblenz,Landkreis,43,--,07,1,37,00,00,000,K,DEB17,1974/03/16 00:00:00.000,214259,817.69,,3.32197789406479,0.103106468790776
150,150,07138,07138,071380045045,Neuwied,Landkreis,43,--,07,1,38,00,00,000,K,DEB18,2009/01/01 00:00:00.000,181941,627.04,,2.07798339809839,0.0796283607438053
151,151,07140,07140,071405007144,Rhein-Hunsrück-Kreis,Landkreis,43,--,07,1,40,00,00,000,K,DEB1D,2014/07/01 00:00:00.000,102937,991.07,,2.61413768178866,0.124413759917007
152,152,07141,07141,071415001006,Rhein-Lahn-Kreis,Landkreis,43,--,07,1,41,00,00,000,K,DEB1A,2009/01/01 00:00:00.000,122308,782.19,,2.47491421428328,0.098529611505255
153,153,07143,07143,071435004048,Westerwaldkreis,Landkreis,43,--,07,1,43,00,00,000,K,DEB1B,2009/01/01 00:00:00.000,201597,989.06,,3.01142022763304,0.125603083698205
154,154,07211,07211,072110000000,Trier,Kreisfreie Stadt,40,--,07,2,11,00,00,000,K,DEB21,2017/07/01 00:00:00.000,110636,117.06,,1.01089335825533,0.0144249245554723
155,155,07231,07231,072310134134,Bernkastel-Wittlich,Landkreis,43,--,07,2,31,00,00,000,K,DEB22,2012/01/01 00:00:00.000,112262,1167.91,,2.44525825980486,0.146321459812597
156,156,07232,07232,072320018018,Eifelkreis Bitburg-Prüm,Landkreis,43,--,07,2,32,00,00,000,K,DEB23,2009/01/01 00:00:00.000,98561,1626.94,,2.99147551889318,0.204407203633972
157,157,07233,07233,072335001501,Vulkaneifel,Landkreis,43,--,07,2,33,00,00,000,K,DEB24,2009/01/01 00:00:00.000,60603,911.65,,3.02047454763161,0.11487229995546
158,158,07235,07235,072110000000,Trier-Saarburg,Landkreis,43,--,07,2,35,00,00,000,K,DEB25,2017/07/01 00:00:00.000,148945,1102.22,,3.77560689684649,0.137752792672843
159,159,07311,07311,073110000000,Frankenthal (Pfalz),Kreisfreie Stadt,40,--,07,3,11,00,00,000,K,DEB31,1969/06/07 00:00:00.000,48561,43.88,,0.467899754055492,0.00543089401553299
160,160,07312,07312,073120000000,Kaiserslautern,Kreisfreie Stadt,40,--,07,3,12,00,00,000,K,DEB32,1969/06/07 00:00:00.000,99845,139.7,,0.881793844453377,0.017383010744483
161,161,07313,07313,073130000000,Landau in der Pfalz,Kreisfreie Stadt,40,--,07,3,13,00,00,000,K,DEB33,1972/04/22 00:00:00.000,46677,82.94,,1.02963046789983,0.0102431984814145
162,162,07314,07314,073140000000,Ludwigshafen am Rhein,Kreisfreie Stadt,40,--,07,3,14,00,00,000,K,DEB34,1974/03/16 00:00:00.000,171061,77.43,,0.59304156508903,0.00966199522513562
163,163,07315,07315,073150000000,Mainz,Kreisfreie Stadt,40,--,07,3,15,00,00,000,K,DEB35,1969/06/07 00:00:00.000,217118,97.73,,0.7224221869493,0.0122446048191506
164,164,07316,07316,073160000000,Neustadt an der Weinstraße,Kreisfreie Stadt,40,--,07,3,16,00,00,000,K,DEB36,1974/03/16 00:00:00.000,53148,117.09,,0.902611403307973,0.0145173177118632
165,165,07317,07317,073170000000,Pirmasens,Kreisfreie Stadt,40,--,07,3,17,00,00,000,K,DEB37,1972/04/22 00:00:00.000,40403,61.36,,0.565050273861874,0.00759283751276847
166,166,07318,07318,073180000000,Speyer,Kreisfreie Stadt,40,--,07,3,18,00,00,000,K,DEB38,1968/10/01 00:00:00.000,50378,42.71,,0.462897372813315,0.00529832909854736
167,167,07319,07319,073190000000,Worms,Kreisfreie Stadt,40,--,07,3,19,00,00,000,K,DEB39,1969/06/07 00:00:00.000,83330,108.73,,0.842993663526928,0.0135417494570014
168,168,07320,07320,073200000000,Zweibrücken,Kreisfreie Stadt,40,--,07,3,20,00,00,000,K,DEB3A,1972/04/22 00:00:00.000,34209,70.64,,0.674804214764808,0.00874597046966507
169,169,07331,07331,073310003003,Alzey-Worms,Landkreis,43,--,07,3,31,00,00,000,K,DEB3B,2009/01/01 00:00:00.000,129244,588.08,,2.19617888903972,0.0733710500250953
170,170,07332,07332,073320002002,Bad Dürkheim,Landkreis,43,--,07,3,32,00,00,000,K,DEB3C,2009/01/01 00:00:00.000,132660,594.61,,2.2670219899041,0.0736555928755381
171,171,07333,07333,073335004039,Donnersbergkreis,Landkreis,43,--,07,3,33,00,00,000,K,DEB3D,2009/01/01 00:00:00.000,75101,645.42,,1.84290013782905,0.0802301248162989
172,172,07334,07334,073340007007,Germersheim,Landkreis,43,--,07,3,34,00,00,000,K,DEB3E,2009/01/01 00:00:00.000,129075,463.32,,1.53014524871282,0.0570777630793008
173,173,07335,07335,073120000000,Kaiserslautern,Landkreis,43,--,07,3,35,00,00,000,K,DEB3F,1972/04/22 00:00:00.000,106057,639.98,,3.09813254835144,0.0794446064632081
174,174,07336,07336,073365010055,Kusel,Landkreis,43,--,07,3,36,00,00,000,K,DEB3G,2009/01/01 00:00:00.000,70526,573.58,,2.13190463689617,0.0712092565318059
175,175,07337,07337,073130000000,Südliche Weinstraße,Landkreis,43,--,07,3,37,00,00,000,K,DEB3H,1978/01/01 00:00:00.000,110356,639.95,,3.14446376930286,0.0788954123597096
176,176,07338,07338,073140000000,Rhein-Pfalz-Kreis,Landkreis,43,--,07,3,38,00,00,000,K,DEB3I,2004/01/01 00:00:00.000,154201,305.01,,2.07055060127447,0.0377425897109891
177,177,07339,07339,073390030030,Mainz-Bingen,Landkreis,43,--,07,3,39,00,00,000,K,DEB3J,2009/01/01 00:00:00.000,210889,605.37,,2.68404967469895,0.0758289886404815
178,178,07340,07340,073170000000,Südwestpfalz,Landkreis,43,--,07,3,40,00,00,000,K,DEB3K,1997/01/01 00:00:00.000,95113,953.59,,3.34275972315546,0.11775013162623
179,179,08111,08111,081110000000,Stuttgart,Stadtkreis,41,--,08,1,11,00,00,000,R,DE111,1973/01/01 00:00:00.000,634830,207.33,,1.10443439855746,0.0256658005759409
180,180,08115,08115,081150003003,Böblingen,Landkreis,43,--,08,1,15,00,00,000,R,DE112,2014/04/01 00:00:00.000,391640,617.78,,2.23012375703933,0.0753697003372259
181,181,08116,08116,081160019019,Esslingen,Landkreis,43,--,08,1,16,00,00,000,R,DE113,2014/04/01 00:00:00.000,533859,641.28,,2.20952017277734,0.0780861030694763
182,182,08117,08117,081175005026,Göppingen,Landkreis,43,--,08,1,17,00,00,000,R,DE114,2009/01/01 00:00:00.000,257253,642.32,,2.23899579520931,0.0784477458789174
183,183,08118,08118,081180048048,Ludwigsburg,Landkreis,43,--,08,1,18,00,00,000,R,DE115,2009/01/01 00:00:00.000,543984,686.76,,2.45674533217755,0.0843023847327204
184,184,08119,08119,081190079079,Rems-Murr-Kreis,Landkreis,43,--,08,1,19,00,00,000,R,DE116,2009/01/01 00:00:00.000,426158,858.09,,2.47477580606963,0.105137677716892
185,185,08121,08121,081210000000,Heilbronn,Stadtkreis,41,--,08,1,21,00,00,000,R,DE117,1974/04/01 00:00:00.000,125960,99.89,,0.795811192774124,0.0124079186557905
186,186,08125,08125,081210000000,Heilbronn,Landkreis,43,--,08,1,25,00,00,000,R,DE118,1974/04/01 00:00:00.000,343068,1099.94,,4.19825312848013,0.135513197109961
187,187,08126,08126,081265003046,Hohenlohekreis,Landkreis,43,--,08,1,26,00,00,000,R,DE119,2009/01/01 00:00:00.000,112010,776.76,,2.67623965564166,0.0960201250207133
188,188,08127,08127,081275009076,Schwäbisch Hall,Landkreis,43,--,08,1,27,00,00,000,R,DE11A,2009/01/01 00:00:00.000,195861,1484.06,,3.96973368289981,0.182896903499395
189,189,08128,08128,081285004115,Main-Tauber-Kreis,Landkreis,43,--,08,1,28,00,00,000,R,DE11B,2009/01/01 00:00:00.000,132321,1304.12,,4.16425882582846,0.162179100760458
190,190,08135,08135,081355002019,Heidenheim,Landkreis,43,--,08,1,35,00,00,000,R,DE11C,2009/01/01 00:00:00.000,132472,627.11,,2.68941446779632,0.0765894436872639
191,191,08136,08136,081365001088,Ostalbkreis,Landkreis,43,--,08,1,36,00,00,000,R,DE11D,2009/01/01 00:00:00.000,314002,1511.38,,4.03535313045549,0.185169334702889
192,192,08211,08211,082110000000,Baden-Baden,Stadtkreis,41,--,08,2,11,00,00,000,R,DE121,1975/01/01 00:00:00.000,55123,140.19,,1.12098827296158,0.0171186253064059
193,193,08212,08212,082120000000,Karlsruhe,Stadtkreis,41,--,08,2,12,00,00,000,R,DE122,1975/02/14 00:00:00.000,313092,173.42,,0.916059370031861,0.0213890948741572
194,194,08215,08215,082120000000,Karlsruhe,Landkreis,43,--,08,2,15,00,00,000,R,DE123,1975/02/14 00:00:00.000,444232,1085.28,,3.27057348557059,0.13348278877906
195,195,08216,08216,082165005043,Rastatt,Landkreis,43,--,08,2,16,00,00,000,R,DE124,2009/01/01 00:00:00.000,231018,738.44,,3.41898698349567,0.0903412437587275
196,196,08221,08221,082210000000,Heidelberg,Stadtkreis,41,--,08,2,21,00,00,000,R,DE125,2008/06/03 00:00:00.000,160355,108.83,,0.794226609176246,0.0135399338501207
197,197,08222,08222,082220000000,Mannheim,Stadtkreis,41,--,08,2,22,00,00,000,R,DE126,1973/01/01 00:00:00.000,309370,144.97,,0.7496155669812,0.0180120566144
198,198,08225,08225,082255005058,Neckar-Odenwald-Kreis,Landkreis,43,--,08,2,25,00,00,000,R,DE127,2009/01/01 00:00:00.000,143535,1125.95,,2.83890650401791,0.139603442103474
199,199,08226,08226,082210000000,Rhein-Neckar-Kreis,Landkreis,43,--,08,2,26,00,00,000,R,DE128,2008/06/03 00:00:00.000,547625,1061.54,,4.33930070243123,0.131316151391908
200,200,08231,08231,082310000000,Pforzheim,Stadtkreis,41,--,08,2,31,00,00,000,R,DE129,1975/09/20 00:00:00.000,125542,97.99,,0.668241819171717,0.0120381542995175
201,201,08235,08235,082355006085,Calw,Landkreis,43,--,08,2,35,00,00,000,R,DE12A,2009/01/01 00:00:00.000,158397,797.32,,2.33048364410949,0.0973637208366979
202,202,08236,08236,082310000000,Enzkreis,Landkreis,43,--,08,2,36,00,00,000,R,DE12B,1975/09/20 00:00:00.000,198905,573.62,,2.63051786061313,0.0703359760867597
203,203,08237,08237,082375002028,Freudenstadt,Landkreis,43,--,08,2,37,00,00,000,R,DE12C,2009/01/01 00:00:00.000,117935,870.4,,2.51249200524579,0.105947318535681
204,204,08311,08311,083110000000,Freiburg im Breisgau,Stadtkreis,41,--,08,3,11,00,00,000,R,DE131,1978/01/01 00:00:00.000,230241,153.04,,1.0220321464273,0.0185810153125396
205,205,08315,08315,083110000000,Breisgau-Hochschwarzwald,Landkreis,43,--,08,3,15,00,00,000,R,DE132,1978/01/01 00:00:00.000,262795,1378.33,,4.16432738328141,0.165701728253085
206,206,08316,08316,083165003011,Emmendingen,Landkreis,43,--,08,3,16,00,00,000,R,DE133,2009/01/01 00:00:00.000,165383,679.81,,1.97579417509028,0.0822386264166246
207,207,08317,08317,083175010096,Ortenaukreis,Landkreis,43,--,08,3,17,00,00,000,R,DE134,2009/01/01 00:00:00.000,429479,1860.3,,2.91022342131883,0.225949442695896
208,208,08325,08325,083255003049,Rottweil,Landkreis,43,--,08,3,25,00,00,000,R,DE135,2009/01/01 00:00:00.000,139455,769.43,,2.47724356108554,0.0932047061321098
209,209,08326,08326,083265004074,Schwarzwald-Baar-Kreis,Landkreis,43,--,08,3,26,00,00,000,R,DE136,2009/01/01 00:00:00.000,212381,1025.34,,2.61546012312541,0.123694208810799
210,210,08327,08327,083275006050,Tuttlingen,Landkreis,43,--,08,3,27,00,00,000,R,DE137,2009/01/01 00:00:00.000,140152,734.36,,2.0309332179648,0.08848069920907
211,211,08335,08335,083355004043,Konstanz,Landkreis,43,--,08,3,35,00,00,000,R,DE138,2009/01/01 00:00:00.000,285325,817.98,,3.45972597133203,0.0981226513422761
212,212,08336,08336,083365003050,Lörrach,Landkreis,43,--,08,3,36,00,00,000,R,DE139,2009/01/01 00:00:00.000,228639,806.72,,1.89612432620182,0.0967384788200055
213,213,08337,08337,083375007126,Waldshut,Landkreis,43,--,08,3,37,00,00,000,R,DE13A,2009/01/01 00:00:00.000,170619,1131.14,,3.14079691067074,0.135519164969416
214,214,08415,08415,084150061061,Reutlingen,Landkreis,43,--,08,4,15,00,00,000,R,DE141,2011/01/01 00:00:00.000,286748,1092.46,,2.82993083523776,0.13266062670698
215,215,08416,08416,084160041041,Tübingen,Landkreis,43,--,08,4,16,00,00,000,R,DE142,2009/01/01 00:00:00.000,227331,519.11,,1.95408989902116,0.0632526229216213
216,216,08417,08417,084175002002,Zollernalbkreis,Landkreis,43,--,08,4,17,00,00,000,R,DE143,2009/01/01 00:00:00.000,188935,917.56,,2.33191749262228,0.11111932362063
217,217,08421,08421,084210000000,Ulm,Stadtkreis,41,--,08,4,21,00,00,000,R,DE144,1997/01/01 00:00:00.000,126329,118.68,,1.04627838497161,0.014492665084246
218,218,08425,08425,084210000000,Alb-Donau-Kreis,Landkreis,43,--,08,4,25,00,00,000,R,DE145,2011/01/01 00:00:00.000,196047,1358.54,,4.60793062808379,0.164853824515127
219,219,08426,08426,084265003021,Biberach,Landkreis,43,--,08,4,26,00,00,000,R,DE146,2009/01/01 00:00:00.000,199742,1409.49,,3.33279227795914,0.17026565004254
220,220,08435,08435,084355002016,Bodenseekreis,Landkreis,43,--,08,4,35,00,00,000,R,DE147,2009/01/01 00:00:00.000,216227,664.79,,2.24438286230588,0.0797773217028051
221,221,08436,08436,084365005064,Ravensburg,Landkreis,43,--,08,4,36,00,00,000,R,DE148,2009/01/01 00:00:00.000,284285,1632.09,,3.6304412834657,0.196021214668164
222,222,08437,08437,084375006104,Sigmaringen,Landkreis,43,--,08,4,37,00,00,000,R,DE149,2009/01/01 00:00:00.000,130873,1204.22,,3.31203645586535,0.145281284116989
223,223,09161,09161,091610000000,Ingolstadt,Kreisfreie Stadt,40,--,09,1,61,00,00,000,R,DE211,1972/07/01 00:00:00.000,136981,133.35,,0.88475937258752,0.0163427105787731
224,224,09162,09162,091620000000,München,Kreisfreie Stadt,40,--,09,1,62,00,00,000,R,DE212,2004/12/31 00:00:00.000,1471508,310.7,,1.30805373834941,0.0376407030092414
225,225,09163,09163,091630000000,Rosenheim,Kreisfreie Stadt,40,--,09,1,63,00,00,000,R,DE213,2004/12/31 00:00:00.000,63324,37.22,,0.341243585391358,0.00441773383100887
226,226,09171,09171,091710111111,Altötting,Landkreis,43,--,09,1,71,00,00,000,R,DE214,2009/01/01 00:00:00.000,111210,569.29,,1.80489774737952,0.0688966508183443
227,227,09172,09172,091720114114,Berchtesgadener Land,Landkreis,43,--,09,1,72,00,00,000,R,DE215,2009/01/01 00:00:00.000,105722,839.86,,2.48109725562424,0.100632148045124
228,228,09173,09173,091730112112,Bad Tölz-Wolfratshausen,Landkreis,43,--,09,1,73,00,00,000,R,DE216,2009/01/01 00:00:00.000,127227,1110.66,,2.62311444553781,0.133283636798586
229,229,09174,09174,091740115115,Dachau,Landkreis,43,--,09,1,74,00,00,000,R,DE217,2009/01/01 00:00:00.000,153884,579.15,,1.88851591194356,0.0702954501338655
230,230,09175,09175,091750115115,Ebersberg,Landkreis,43,--,09,1,75,00,00,000,R,DE218,2009/01/01 00:00:00.000,142142,549.39,,1.75488595258339,0.0663617246275461
231,231,09176,09176,091760123123,Eichstätt,Landkreis,43,--,09,1,76,00,00,000,R,DE219,2017/03/13 00:00:00.000,132341,1213.83,,3.55912752084932,0.148936165342463
232,232,09177,09177,091770117117,Erding,Landkreis,43,--,09,1,77,00,00,000,R,DE21A,2009/01/01 00:00:00.000,137660,870.73,,2.08393241824755,0.105558198716255
233,233,09178,09178,091780124124,Freising,Landkreis,43,--,09,1,78,00,00,000,R,DE21B,2009/01/01 00:00:00.000,179116,799.83,,2.26412680336975,0.0970558625206875
234,234,09179,09179,091790121121,Fürstenfeldbruck,Landkreis,43,--,09,1,79,00,00,000,R,DE21C,2009/01/01 00:00:00.000,219320,434.81,,1.7317764129026,0.0525725414170553
235,235,09180,09180,091800117117,Garmisch-Partenkirchen,Landkreis,43,--,09,1,80,00,00,000,R,DE21D,2009/01/01 00:00:00.000,88467,1012.17,,2.32312461459862,0.120927700194236
236,236,09181,09181,091810130130,Landsberg am Lech,Landkreis,43,--,09,1,81,00,00,000,R,DE21E,2009/01/01 00:00:00.000,120071,804.37,,2.46432455270586,0.0968891996107617
237,237,09182,09182,091820125125,Miesbach,Landkreis,43,--,09,1,82,00,00,000,R,DE21F,2011/01/01 00:00:00.000,99726,866.22,,2.41997018952657,0.103947402644015
238,238,09183,09183,091830128128,Mühldorf a. Inn,Landkreis,43,--,09,1,83,00,00,000,R,DE21G,2009/01/01 00:00:00.000,115250,805.34,,2.83795899709568,0.0974656111623272
239,239,09184,09184,091620000000,München,Landkreis,43,--,09,1,84,00,00,000,R,DE21H,2011/01/01 00:00:00.000,348871,664.26,,2.86914416329034,0.0801424976410025
240,240,09185,09185,091850149149,Neuburg-Schrobenhausen,Landkreis,43,--,09,1,85,00,00,000,R,DE21I,2009/01/01 00:00:00.000,96680,739.72,,2.54198010537848,0.0903436599691087
241,241,09186,09186,091860143143,Pfaffenhofen a.d. Ilm,Landkreis,43,--,09,1,86,00,00,000,R,DE21J,2017/03/13 00:00:00.000,127151,761.04,,2.61957700917412,0.0927442809222871
242,242,09187,09187,091630000000,Rosenheim,Landkreis,43,--,09,1,87,00,00,000,R,DE21K,2004/12/31 00:00:00.000,260983,1439.45,,4.23189045753311,0.173211686590305
243,243,09188,09188,091880139139,Starnberg,Landkreis,43,--,09,1,88,00,00,000,R,DE21L,2009/01/01 00:00:00.000,136092,487.72,,1.69680286093033,0.0586791665136757
244,244,09189,09189,091890155155,Traunstein,Landkreis,43,--,09,1,89,00,00,000,R,DE21M,2009/01/01 00:00:00.000,177089,1533.83,,3.53642896692161,0.184373858761301
245,245,09190,09190,091900157157,Weilheim-Schongau,Landkreis,43,--,09,1,90,00,00,000,R,DE21N,2009/01/01 00:00:00.000,135348,966.28,,3.09497295605846,0.116123432702211
246,246,09261,09261,092610000000,Landshut,Kreisfreie Stadt,40,--,09,2,61,00,00,000,R,DE221,1974/07/01 00:00:00.000,72404,65.83,,0.795724672698637,0.00805812485632032
247,247,09262,09262,092620000000,Passau,Kreisfreie Stadt,40,--,09,2,62,00,00,000,R,DE222,2016/01/01 00:00:00.000,52469,69.56,,0.678235132675377,0.0085584104304539
248,248,09263,09263,092630000000,Straubing,Kreisfreie Stadt,40,--,09,2,63,00,00,000,R,DE223,1972/07/01 00:00:00.000,47794,67.59,,0.639900373594239,0.00829191467343477
249,249,09271,09271,092710119119,Deggendorf,Landkreis,43,--,09,2,71,00,00,000,R,DE224,2013/04/01 00:00:00.000,119326,861.15,,2.44377046313686,0.105371147495766
250,250,09272,09272,092720118118,Freyung-Grafenau,Landkreis,43,--,09,2,72,00,00,000,R,DE225,2013/04/01 00:00:00.000,78355,983.97,,2.34394018335858,0.120501206678671
251,251,09273,09273,092730137137,Kelheim,Landkreis,43,--,09,2,73,00,00,000,R,DE226,2017/03/13 00:00:00.000,122258,1065.15,,3.18991283801419,0.130391450366164
252,252,09274,09274,092610000000,Landshut,Landkreis,43,--,09,2,74,00,00,000,R,DE227,2004/12/31 00:00:00.000,158698,1347.56,,4.04518021002161,0.164152377928209
253,253,09275,09275,092620000000,Passau,Landkreis,43,--,09,2,75,00,00,000,R,DE228,2016/01/01 00:00:00.000,192043,1530.06,,3.97866946847997,0.18639732005424
254,254,09276,09276,092760138138,Regen,Landkreis,43,--,09,2,76,00,00,000,R,DE229,2009/01/01 00:00:00.000,77656,974.78,,2.21835088292682,0.119850977571013
255,255,09277,09277,092770138138,Rottal-Inn,Landkreis,43,--,09,2,77,00,00,000,R,DE22A,2009/01/01 00:00:00.000,120659,1281.19,,3.29910043856262,0.155657240938216
256,256,09278,09278,092630000000,Straubing-Bogen,Landkreis,43,--,09,2,78,00,00,000,R,DE22B,1978/05/01 00:00:00.000,100649,1201.62,,3.81964866004332,0.147299165991229
257,257,09279,09279,092790112112,Dingolfing-Landau,Landkreis,43,--,09,2,79,00,00,000,R,DE22C,2009/01/01 00:00:00.000,96217,877.58,,3.00679167038149,0.107066635265144
258,258,09361,09361,093610000000,Amberg,Kreisfreie Stadt,40,--,09,3,61,00,00,000,R,DE231,1972/07/01 00:00:00.000,41970,50.13,,0.513647986919314,0.00625424396193846
259,259,09362,09362,093620000000,Regensburg,Kreisfreie Stadt,40,--,09,3,62,00,00,000,R,DE232,2016/06/01 00:00:00.000,152610,80.86,,0.671170928289417,0.00980765828287063
260,260,09363,09363,093630000000,Weiden i.d. OPf.,Kreisfreie Stadt,40,--,09,3,63,00,00,000,R,DE233,2011/06/01 00:00:00.000,42520,70.57,,0.822213890717172,0.00879253984664567
261,261,09371,09371,093610000000,Amberg-Sulzbach,Landkreis,43,--,09,3,71,00,00,000,R,DE234,1973/05/01 00:00:00.000,103109,1255.83,,4.38324621124027,0.155740072319965
262,262,09372,09372,093720116116,Cham,Landkreis,43,--,09,3,72,00,00,000,R,DE235,2017/01/01 00:00:00.000,127882,1526.81,,3.47303536611571,0.188543769113813
263,263,09373,09373,093730147147,Neumarkt i.d. OPf.,Landkreis,43,--,09,3,73,00,00,000,R,DE236,2012/04/18 00:00:00.000,133561,1343.94,,3.52464415217008,0.16595089183293
264,264,09374,09374,093740139139,Neustadt a.d. Waldnaab,Landkreis,43,--,09,3,74,00,00,000,R,DE237,2017/07/01 00:00:00.000,94352,1427.68,,4.49680252120485,0.177946326085271
265,265,09375,09375,093620000000,Regensburg,Landkreis,43,--,09,3,75,00,00,000,R,DE238,2016/06/01 00:00:00.000,193572,1391.68,,4.69369026939823,0.171255715325955
266,266,09376,09376,093760161161,Schwandorf,Landkreis,43,--,09,3,76,00,00,000,R,DE239,2017/01/01 00:00:00.000,147189,1458.35,,4.02084133168278,0.180532820312866
267,267,09377,09377,093770154154,Tirschenreuth,Landkreis,43,--,09,3,77,00,00,000,R,DE23A,2009/01/01 00:00:00.000,72504,1084.24,,2.69809391219909,0.135718012347304
268,268,09461,09461,094610000000,Bamberg,Kreisfreie Stadt,40,--,09,4,61,00,00,000,R,DE241,1972/07/01 00:00:00.000,77592,54.62,,0.480811313350844,0.00687759910927534
269,269,09462,09462,094620000000,Bayreuth,Kreisfreie Stadt,40,--,09,4,62,00,00,000,R,DE242,2005/01/01 00:00:00.000,74657,66.89,,0.760316679973473,0.00839070906187552
270,270,09463,09463,094630000000,Coburg,Kreisfreie Stadt,40,--,09,4,63,00,00,000,R,DE243,1977/01/01 00:00:00.000,41249,48.29,,0.573802086084284,0.00607065133355039
271,271,09464,09464,094640000000,Hof,Kreisfreie Stadt,40,--,09,4,64,00,00,000,R,DE244,1978/05/01 00:00:00.000,45930,58.02,,0.643190858442651,0.00734705604834047
272,272,09471,09471,094610000000,Bamberg,Landkreis,43,--,09,4,71,00,00,000,R,DE245,1978/05/01 00:00:00.000,147086,1167.82,,4.27617394167908,0.146017365315109
273,273,09472,09472,094620000000,Bayreuth,Landkreis,43,--,09,4,72,00,00,000,R,DE246,2017/07/01 00:00:00.000,103656,1273.64,,4.50949466078298,0.15932045691732
274,274,09473,09473,094630000000,Coburg,Landkreis,43,--,09,4,73,00,00,000,R,DE247,2013/01/01 00:00:00.000,86906,590.41,,3.1305963355132,0.0745091876505123
275,275,09474,09474,094740126126,Forchheim,Landkreis,43,--,09,4,74,00,00,000,R,DE248,2009/01/01 00:00:00.000,116099,642.8,,2.36632249754185,0.0801596266284415
276,276,09475,09475,094640000000,Hof,Landkreis,43,--,09,4,75,00,00,000,R,DE249,1978/05/01 00:00:00.000,95311,892.53,,3.46032569241624,0.112676217940982
277,277,09476,09476,094760145145,Kronach,Landkreis,43,--,09,4,76,00,00,000,R,DE24A,2009/01/01 00:00:00.000,67135,651.51,,2.25721674821593,0.0822517634100371
278,278,09477,09477,094770128128,Kulmbach,Landkreis,43,--,09,4,77,00,00,000,R,DE24B,2013/04/01 00:00:00.000,71845,658.32,,2.3830813851255,0.0826894487785803
279,279,09478,09478,094780139139,Lichtenfels,Landkreis,43,--,09,4,78,00,00,000,R,DE24C,2013/01/01 00:00:00.000,66838,519.92,,2.22645113782389,0.0653247738808361
280,280,09479,09479,094790169169,Wunsiedel i. Fichtelgebirge,Landkreis,43,--,09,4,79,00,00,000,R,DE24D,2009/01/01 00:00:00.000,73178,606.37,,1.73256908702862,0.0761533893545075
281,281,09561,09561,095610000000,Ansbach,Kreisfreie Stadt,40,--,09,5,61,00,00,000,R,DE251,2010/01/01 00:00:00.000,41847,99.91,,0.83444284371151,0.0123381294482946
282,282,09562,09562,095620000000,Erlangen,Kreisfreie Stadt,40,--,09,5,62,00,00,000,R,DE252,1972/07/01 00:00:00.000,111962,76.96,,0.599547808699887,0.00969808881220813
283,283,09563,09563,095630000000,Fürth,Kreisfreie Stadt,40,--,09,5,63,00,00,000,R,DE253,1972/07/01 00:00:00.000,127748,63.35,,0.521656919188329,0.00785637272984699
284,284,09564,09564,095640000000,Nürnberg,Kreisfreie Stadt,40,--,09,5,64,00,00,000,R,DE254,2004/12/31 00:00:00.000,518365,186.45,,1.62064332247225,0.0232664327869103
285,285,09565,09565,095650000000,Schwabach,Kreisfreie Stadt,40,--,09,5,65,00,00,000,R,DE255,1972/07/01 00:00:00.000,40792,40.8,,0.514221595606375,0.00503527743020128
286,286,09571,09571,095610000000,Ansbach,Landkreis,43,--,09,5,71,00,00,000,R,DE256,2014/06/01 00:00:00.000,183949,1971.31,,5.08977993584744,0.24363160490905
287,287,09572,09572,095620000000,Erlangen-Höchstadt,Landkreis,43,--,09,5,72,00,00,000,R,DE257,2004/12/31 00:00:00.000,136271,564.59,,3.53729070476902,0.0702675420474488
288,288,09573,09573,095730134134,Fürth,Landkreis,43,--,09,5,73,00,00,000,R,DE258,2009/01/01 00:00:00.000,117387,307.43,,1.39270035015561,0.0380877924972077
289,289,09574,09574,095740138138,Nürnberger Land,Landkreis,43,--,09,5,74,00,00,000,R,DE259,2009/01/01 00:00:00.000,170365,799.49,,3.27393827935028,0.0990032893174885
290,290,09575,09575,095750153153,Neustadt a.d. Aisch-Bad Windsheim,Landkreis,43,--,09,5,75,00,00,000,R,DE25A,2014/06/01 00:00:00.000,100364,1267.44,,3.35719307084712,0.157601981053384
291,291,09576,09576,095760143143,Roth,Landkreis,43,--,09,5,76,00,00,000,R,DE25B,2009/01/01 00:00:00.000,126958,895.15,,3.49992243473237,0.110446173603629
292,292,09577,09577,095770177177,Weißenburg-Gunzenhausen,Landkreis,43,--,09,5,77,00,00,000,R,DE25C,2009/01/01 00:00:00.000,94393,970.78,,2.59011921714418,0.119323708259902
293,293,09661,09661,096610000000,Aschaffenburg,Kreisfreie Stadt,40,--,09,6,61,00,00,000,R,DE261,1978/05/01 00:00:00.000,70527,62.45,,0.594383665132469,0.00776347946868979
294,294,09662,09662,096620000000,Schweinfurt,Kreisfreie Stadt,40,--,09,6,62,00,00,000,R,DE262,1972/07/01 00:00:00.000,54032,35.7,,0.45751833944427,0.00445498656992682
295,295,09663,09663,096630000000,Würzburg,Kreisfreie Stadt,40,--,09,6,63,00,00,000,R,DE263,1978/01/01 00:00:00.000,127880,87.6,,0.752258403593982,0.0109607633200384
296,296,09671,09671,096610000000,Aschaffenburg,Landkreis,43,--,09,6,71,00,00,000,R,DE264,2011/07/01 00:00:00.000,174208,705.72,,2.62935909636579,0.0876818139601981
297,297,09672,09672,096720114114,Bad Kissingen,Landkreis,43,--,09,6,72,00,00,000,R,DE265,2015/01/01 00:00:00.000,103218,1136.92,,3.24994350155192,0.14333141599655
298,298,09673,09673,096730114114,Rhön-Grabfeld,Landkreis,43,--,09,6,73,00,00,000,R,DE266,2015/01/01 00:00:00.000,79690,1021.72,,2.97966230017875,0.129096962010235
299,299,09674,09674,096740147147,Haßberge,Landkreis,43,--,09,6,74,00,00,000,R,DE267,2009/01/01 00:00:00.000,84599,956.19,,2.91504202035405,0.120099574830615
300,300,09675,09675,096750141141,Kitzingen,Landkreis,43,--,09,6,75,00,00,000,R,DE268,2009/01/01 00:00:00.000,90909,684.17,,2.35011854840908,0.0853268953420061
301,301,09676,09676,096760139139,Miltenberg,Landkreis,43,--,09,6,76,00,00,000,R,DE269,2009/01/01 00:00:00.000,128756,715.55,,2.62078770101096,0.0892487110935862
302,302,09677,09677,096770148148,Main-Spessart,Landkreis,43,--,09,6,77,00,00,000,R,DE26A,2009/01/01 00:00:00.000,126365,1321.23,,3.32891059490431,0.165730953223059
303,303,09678,09678,096620000000,Schweinfurt,Landkreis,43,--,09,6,78,00,00,000,R,DE26B,1972/07/01 00:00:00.000,115106,841.38,,3.80042906013598,0.105546934627918
304,304,09679,09679,096630000000,Würzburg,Landkreis,43,--,09,6,79,00,00,000,R,DE26C,1997/01/01 00:00:00.000,161834,968.33,,3.89089550872343,0.120621363229703
305,305,09761,09761,097610000000,Augsburg,Kreisfreie Stadt,40,--,09,7,61,00,00,000,R,DE271,2015/10/01 00:00:00.000,295135,146.85,,0.9513130838631,0.0177677217063855
306,306,09762,09762,097620000000,Kaufbeuren,Kreisfreie Stadt,40,--,09,7,62,00,00,000,R,DE272,1972/07/01 00:00:00.000,43893,40.02,,0.446964766723195,0.00486395824394813
307,307,09763,09763,097630000000,Kempten (Allgäu),Kreisfreie Stadt,40,--,09,7,63,00,00,000,R,DE273,1972/07/01 00:00:00.000,68907,63.28,,0.613443765310594,0.00758493694226025
308,308,09764,09764,097640000000,Memmingen,Kreisfreie Stadt,40,--,09,7,64,00,00,000,R,DE274,1978/05/01 00:00:00.000,43837,70.11,,0.702634509987033,0.00841595706107983
309,309,09771,09771,097710113113,Aichach-Friedberg,Landkreis,43,--,09,7,71,00,00,000,R,DE275,2015/10/01 00:00:00.000,133596,780.23,,2.5529595087732,0.0947596626008326
310,310,09772,09772,097610000000,Augsburg,Landkreis,43,--,09,7,72,00,00,000,R,DE276,2016/07/01 00:00:00.000,251534,1070.65,,3.48668443378366,0.130024075540871
311,311,09773,09773,097730125125,Dillingen a.d. Donau,Landkreis,43,--,09,7,73,00,00,000,R,DE277,2009/01/01 00:00:00.000,96021,792.23,,2.76271087910211,0.0965084008253106
312,312,09774,09774,097740135135,Günzburg,Landkreis,43,--,09,7,74,00,00,000,R,DE278,2016/07/01 00:00:00.000,125747,762.43,,2.64296233112437,0.0926429343526579
313,313,09775,09775,097750135135,Neu-Ulm,Landkreis,43,--,09,7,75,00,00,000,R,DE279,2009/01/01 00:00:00.000,174200,515.86,,1.65490521183644,0.0625044713449973
314,314,09776,09776,097760116116,Lindau (Bodensee),Landkreis,43,--,09,7,76,00,00,000,R,DE27A,2009/01/01 00:00:00.000,81669,323.38,,1.62619319542225,0.0386568389548732
315,315,09777,09777,097770151151,Ostallgäu,Landkreis,43,--,09,7,77,00,00,000,R,DE27B,2009/01/01 00:00:00.000,140316,1394.44,,4.62382953812234,0.167173162318822
316,316,09778,09778,097780173173,Unterallgäu,Landkreis,43,--,09,7,78,00,00,000,R,DE27C,2009/01/01 00:00:00.000,144041,1229.55,,3.65392870387579,0.148327706800561
317,317,09779,09779,097790131131,Donau-Ries,Landkreis,43,--,09,7,79,00,00,000,R,DE27D,2009/01/01 00:00:00.000,133496,1274.57,,3.85470358829416,0.155990018355712
318,318,09780,09780,097800139139,Oberallgäu,Landkreis,43,--,09,7,80,00,00,000,R,DE27E,2009/01/01 00:00:00.000,155362,1527.95,,3.83965901213428,0.182706742233901
319,319,10041,10041,100410100100,Regionalverband Saarbrücken,Landkreis,45,Sonderverband,10,0,41,00,00,000,R,DEC01,2009/01/01 00:00:00.000,329708,410.95,,1.84730906898742,0.0508284354267013
320,320,10042,10042,100420113113,Merzig-Wadern,Landkreis,43,--,10,0,42,00,00,000,R,DEC02,2009/01/01 00:00:00.000,103366,556.66,,1.79088150501022,0.069115732407392
321,321,10043,10043,100430115115,Neunkirchen,Landkreis,43,--,10,0,43,00,00,000,R,DEC03,2009/01/01 00:00:00.000,132206,249.8,,1.27723880663871,0.0307223373989856
322,322,10044,10044,100440115115,Saarlouis,Landkreis,43,--,10,0,44,00,00,000,R,DEC04,2009/01/01 00:00:00.000,195201,459.35,,1.82757163512215,0.056804456460386
323,323,10045,10045,100450114114,Saarpfalz-Kreis,Landkreis,43,--,10,0,45,00,00,000,R,DEC05,2009/01/01 00:00:00.000,142631,418.28,,1.85156136589402,0.0517559427962579
324,324,10046,10046,100460117117,St. Wendel,Landkreis,43,--,10,0,46,00,00,000,R,DEC06,2009/01/01 00:00:00.000,87397,476.07,,1.70339078510478,0.0591541926992314
325,325,11000,11000,110000000000,Berlin,Kreisfreie Stadt,40,--,11,0,00,00,00,000,R,DE300,1990/10/03 00:00:00.000,3644826,891.12,,2.6812294668177,0.118016946211935
326,326,12051,12051,120510000000,Brandenburg an der Havel,Kreisfreie Stadt,40,--,12,0,51,00,00,000,R,DE401,2012/10/01 00:00:00.000,72124,229.71,,1.66068714868453,0.0302797035321711
327,327,12052,12052,120520000000,Cottbus,Kreisfreie Stadt,40,--,12,0,52,00,00,000,R,DE402,2003/10/26 00:00:00.000,100219,165.63,,1.0484532211648,0.0214942525144014
328,328,12053,12053,120530000000,Frankfurt (Oder),Kreisfreie Stadt,40,--,12,0,53,00,00,000,R,DE403,2002/05/31 00:00:00.000,57873,147.85,,0.77600826741559,0.0194724896411474
329,329,12054,12054,120540000000,Potsdam,Kreisfreie Stadt,40,--,12,0,54,00,00,000,R,DE404,2014/09/11 00:00:00.000,178089,188.25,,1.15845251278438,0.0247007611494281
330,330,12060,12060,120600052052,Barnim,Landkreis,43,--,12,0,60,00,00,000,R,DE405,2009/01/01 00:00:00.000,182760,1479.61,,4.17434924514391,0.19740324061928
331,331,12061,12061,120610316316,Dahme-Spreewald,Landkreis,43,--,12,0,61,00,00,000,R,DE406,2015/01/19 00:00:00.000,169067,2274.53,,5.30594570110061,0.298095617713627
332,332,12062,12062,120620224224,Elbe-Elster,Landkreis,43,--,12,0,62,00,00,000,R,DE407,2009/01/01 00:00:00.000,102638,1899.16,,3.59525530674368,0.246565538754213
333,333,12063,12063,120630252252,Havelland,Landkreis,43,--,12,0,63,00,00,000,R,DE408,2012/10/01 00:00:00.000,161909,1727.31,,4.24106559883213,0.229227382548394
334,334,12064,12064,120640448448,Märkisch-Oderland,Landkreis,43,--,12,0,64,00,00,000,R,DE409,2009/01/01 00:00:00.000,194328,2158.65,,3.82908010533017,0.286215624370407
335,335,12065,12065,120650256256,Oberhavel,Landkreis,43,--,12,0,65,00,00,000,R,DE40A,2009/01/01 00:00:00.000,211249,1808.17,,4.39260492404965,0.241470454538781
336,336,12066,12066,120660304304,Oberspreewald-Lausitz,Landkreis,43,--,12,0,66,00,00,000,R,DE40B,2009/01/01 00:00:00.000,110476,1223.46,,2.99993233929991,0.158700848626792
337,337,12067,12067,120670036036,Oder-Spree,Landkreis,43,--,12,0,67,00,00,000,R,DE40C,2015/01/19 00:00:00.000,178658,2256.75,,4.53020697798724,0.296994994464986
338,338,12068,12068,120680320320,Ostprignitz-Ruppin,Landkreis,43,--,12,0,68,00,00,000,R,DE40D,2011/01/01 00:00:00.000,99078,2526.55,,4.69269524198262,0.338016713001097
339,339,12069,12069,120690020020,Potsdam-Mittelmark,Landkreis,43,--,12,0,69,00,00,000,R,DE40E,2014/09/11 00:00:00.000,214664,2592.06,,5.69632272593547,0.341198690948079
340,340,12070,12070,120700296296,Prignitz,Landkreis,43,--,12,0,70,00,00,000,R,DE40F,2009/01/01 00:00:00.000,76508,2138.58,,3.91257630468044,0.286985836079878
341,341,12071,12071,120710076076,Spree-Neiße,Landkreis,43,--,12,0,71,00,00,000,R,DE40G,2009/01/01 00:00:00.000,114429,1656.98,,4.13705068834443,0.215696029498686
342,342,12072,12072,120720232232,Teltow-Fläming,Landkreis,43,--,12,0,72,00,00,000,R,DE40H,2009/01/01 00:00:00.000,168296,2104.22,,3.89200811349184,0.275776443264456
343,343,12073,12073,120730452452,Uckermark,Landkreis,43,--,12,0,73,00,00,000,R,DE40I,2009/01/01 00:00:00.000,119552,3077.01,,4.78820051325129,0.413651503659514
344,344,13003,13003,130030000000,Rostock,Kreisfreie Stadt,40,--,13,0,03,00,00,000,R,DE803,2007/01/01 00:00:00.000,208886,181.36,,1.62875080178089,0.0232554086138972
345,345,13004,13004,130040000000,Schwerin,Kreisfreie Stadt,40,--,13,0,04,00,00,000,R,DE804,1990/10/03 00:00:00.000,95818,130.52,,0.840697557947895,0.0176582467051651
346,346,13071,13071,130710107107,Mecklenburgische Seenplatte,Landkreis,43,--,13,0,71,00,00,000,R,DE80J,2011/09/04 00:00:00.000,259130,5495.61,,6.34035636540916,0.74484539668768
347,347,13072,13072,130720043043,Rostock,Landkreis,43,--,13,0,72,00,00,000,R,DE80K,2011/09/04 00:00:00.000,215113,3431.26,,5.81542085624345,0.468844113031428
348,348,13073,13073,130730088088,Vorpommern-Rügen,Landkreis,43,--,13,0,73,00,00,000,R,DE80L,2011/09/04 00:00:00.000,224684,3215.4,,14.0859786977821,0.436339312561072
349,349,13074,13074,130740087087,Nordwestmecklenburg,Landkreis,43,--,13,0,74,00,00,000,R,DE80M,2011/09/04 00:00:00.000,156729,2127.05,,5.19292645245568,0.289869062511678
350,350,13075,13075,130750039039,Vorpommern-Greifswald,Landkreis,43,--,13,0,75,00,00,000,R,DE80N,2011/09/04 00:00:00.000,236697,3945.58,,10.223524265317,0.517198770939694
351,351,13076,13076,130760108108,Ludwigslust-Parchim,Landkreis,43,--,13,0,76,00,00,000,R,DE80O,2014/11/01 00:00:00.000,212618,4766.79,,6.70321566206144,0.644769089384195
352,352,14511,14511,145110000000,Chemnitz,Kreisfreie Stadt,40,--,14,5,11,00,00,000,K,DED41,2008/08/01 00:00:00.000,247237,221.05,,1.12737537574577,0.0282148634692129
353,353,14521,14521,145210020020,Erzgebirgskreis,Landkreis,43,--,14,5,21,00,00,000,K,DED42,2012/12/01 00:00:00.000,337696,1827.9,,3.72931103888023,0.232021605191151
354,354,14522,14522,145220180180,Mittelsachsen,Landkreis,43,--,14,5,22,00,00,000,K,DED43,2015/07/01 00:00:00.000,306185,2116.85,,4.39912220704935,0.270495508065132
355,355,14523,14523,145230320320,Vogtlandkreis,Landkreis,43,--,14,5,23,00,00,000,K,DED44,2009/01/01 00:00:00.000,227796,1412.45,,3.63346645221784,0.178787957532825
356,356,14524,14524,145240330330,Zwickau,Landkreis,43,--,14,5,24,00,00,000,K,DED45,2012/12/01 00:00:00.000,317531,949.76,,2.78192353231976,0.120966990215989
357,357,14612,14612,146120000000,Dresden,Kreisfreie Stadt,40,--,14,6,12,00,00,000,K,DED21,2008/08/01 00:00:00.000,554649,328.48,,1.48980238614116,0.0420547021499958
358,358,14625,14625,146250020020,Bautzen,Landkreis,43,--,14,6,25,00,00,000,K,DED2C,2009/01/01 00:00:00.000,300880,2395.61,,4.15847253976982,0.308545347909541
359,359,14626,14626,146260110110,Görlitz,Landkreis,43,--,14,6,26,00,00,000,K,DED2D,2009/01/01 00:00:00.000,254894,2111.42,,3.98154184334547,0.271652249263799
360,360,14627,14627,146270140140,Meißen,Landkreis,43,--,14,6,27,00,00,000,K,DED2E,2015/07/01 00:00:00.000,242165,1454.59,,3.11244462606436,0.187618178900101
361,361,14628,14628,146285229270,Sächsische Schweiz-Osterzgebirge,Landkreis,43,--,14,6,28,00,00,000,K,DED2F,2013/04/11 00:00:00.000,245611,1654.19,,3.48460959207327,0.211388089859679
362,362,14713,14713,147130000000,Leipzig,Kreisfreie Stadt,40,--,14,7,13,00,00,000,K,DED51,2008/08/01 00:00:00.000,587857,297.8,,1.44047523855508,0.0385737491435074
363,363,14729,14729,147290050050,Leipzig,Landkreis,43,--,14,7,29,00,00,000,K,DED52,2014/02/01 00:00:00.000,257763,1651.31,,4.03934213758593,0.212482566807298
364,364,14730,14730,147305311310,Nordsachsen,Landkreis,43,--,14,7,30,00,00,000,K,DED53,2008/08/01 00:00:00.000,197673,2028.55,,4.87338766538717,0.262282641317246
365,365,15001,15001,150010000000,Dessau-Roßlau,Kreisfreie Stadt,40,--,15,0,01,00,00,000,R,DEE01,2007/07/01 00:00:00.000,81237,244.71,,1.34997836841152,0.0321288500264408
366,366,15002,15002,150020000000,Halle (Saale),Kreisfreie Stadt,40,--,15,0,02,00,00,000,R,DEE02,2007/07/01 00:00:00.000,239257,135.03,,0.933388262426249,0.0175608819127971
367,367,15003,15003,150030000000,Magdeburg,Kreisfreie Stadt,40,--,15,0,03,00,00,000,R,DEE03,2007/07/01 00:00:00.000,238697,201.01,,0.990182554319795,0.0263090073003032
368,368,15081,15081,150810455455,Altmarkkreis Salzwedel,Landkreis,43,--,15,0,81,00,00,000,R,DEE04,2009/01/01 00:00:00.000,83765,2293.35,,3.71510759215363,0.306104399593319
369,369,15082,15082,150820180180,Anhalt-Bitterfeld,Landkreis,43,--,15,0,82,00,00,000,R,DEE05,2009/01/01 00:00:00.000,159854,1453.81,,4.11594104047884,0.190289402810721
370,370,15083,15083,150830270270,Börde,Landkreis,43,--,15,0,83,00,00,000,R,DEE07,2009/01/01 00:00:00.000,171734,2366.92,,4.47058154824039,0.312610695389795
371,371,15084,15084,150840355355,Burgenlandkreis,Landkreis,43,--,15,0,84,00,00,000,R,DEE08,2014/02/01 00:00:00.000,180190,1413.75,,3.5154059689034,0.182265901425108
372,372,15085,15085,150850135135,Harz,Landkreis,43,--,15,0,85,00,00,000,R,DEE09,2009/01/01 00:00:00.000,214446,2104.75,,3.97690605341862,0.274772197649591
373,373,15086,15086,150860015015,Jerichower Land,Landkreis,43,--,15,0,86,00,00,000,R,DEE06,2009/01/01 00:00:00.000,89928,1576.94,,2.92115459153968,0.209210386456577
374,374,15087,15087,150870370370,Mansfeld-Südharz,Landkreis,43,--,15,0,87,00,00,000,R,DEE0A,2009/01/01 00:00:00.000,136249,1448.93,,4.01287840018638,0.188638575012644
375,375,15088,15088,150880220220,Saalekreis,Landkreis,43,--,15,0,88,00,00,000,R,DEE0B,2007/07/01 00:00:00.000,184582,1433.92,,4.45046555596593,0.186126384708325
376,376,15089,15089,150890030030,Salzlandkreis,Landkreis,43,--,15,0,89,00,00,000,R,DEE0C,2007/07/12 00:00:00.000,190560,1427.33,,3.14926094698614,0.187201323203838
377,377,15090,15090,150900535535,Stendal,Landkreis,43,--,15,0,90,00,00,000,R,DEE0D,2007/07/01 00:00:00.000,111982,2423.41,,4.6438242218472,0.323931780379593
378,378,15091,15091,150910375375,Wittenberg,Landkreis,43,--,15,0,91,00,00,000,R,DEE0E,2009/01/01 00:00:00.000,125840,1930.48,,3.4679657344681,0.253265669565717
379,379,16051,16051,160510000000,Erfurt,Kreisfreie Stadt,40,--,16,0,51,00,00,000,R,DEG01,1994/10/12 00:00:00.000,213699,269.91,,1.25578828654097,0.0346050415864003
380,380,16052,16052,160520000000,Gera,Kreisfreie Stadt,40,--,16,0,52,00,00,000,R,DEG02,1994/07/01 00:00:00.000,94152,152.18,,0.890379229795183,0.0194582532387002
381,381,16053,16053,160530000000,Jena,Kreisfreie Stadt,40,--,16,0,53,00,00,000,R,DEG03,1994/07/01 00:00:00.000,111407,114.77,,0.820319021624358,0.0146836941547992
382,382,16054,16054,160540000000,Suhl,Kreisfreie Stadt,40,--,16,0,54,00,00,000,R,DEG04,1994/07/01 00:00:00.000,34835,103.03,,0.967024164607018,0.0130141288045141
383,383,16055,16055,160550000000,Weimar,Kreisfreie Stadt,40,--,16,0,55,00,00,000,R,DEG05,1994/07/01 00:00:00.000,65090,84.48,,0.740373801587851,0.0108076222115802
384,384,16056,16056,160560000000,Eisenach,Kreisfreie Stadt,40,--,16,0,56,00,00,000,R,DEG0N,1998/01/01 00:00:00.000,42370,104.17,,0.814706528549191,0.0133773305272796
385,385,16061,16061,160610045045,Eichsfeld,Landkreis,43,--,16,0,61,00,00,000,R,DEG06,2009/01/01 00:00:00.000,100380,943.08,,2.49350004445766,0.121695306305288
386,386,16062,16062,160620041041,Nordhausen,Landkreis,43,--,16,0,62,00,00,000,R,DEG07,2009/01/01 00:00:00.000,83822,713.91,,2.23715762687365,0.092451113487999
387,387,16063,16063,160635051003,Wartburgkreis,Landkreis,43,--,16,0,63,00,00,000,R,DEG0P,2009/01/01 00:00:00.000,123025,1307.46,,5.03519441559771,0.166858750306143
388,388,16064,16064,160640046046,Unstrut-Hainich-Kreis,Landkreis,43,--,16,0,64,00,00,000,R,DEG09,2009/01/01 00:00:00.000,102912,979.68,,2.61002955606942,0.12587893939171
389,389,16065,16065,160650067067,Kyffhäuserkreis,Landkreis,43,--,16,0,65,00,00,000,R,DEG0A,2009/01/01 00:00:00.000,75009,1037.89,,3.27887170177278,0.133843786095047
390,390,16066,16066,160665050042,Schmalkalden-Meiningen,Landkreis,43,--,16,0,66,00,00,000,R,DEG0B,2009/01/01 00:00:00.000,122347,1210.73,,3.32158397631241,0.153842716531927
391,391,16067,16067,160670029029,Gotha,Landkreis,43,--,16,0,67,00,00,000,R,DEG0C,2009/01/01 00:00:00.000,135452,936.08,,2.34724495851047,0.119635452766295
392,392,16068,16068,160680051051,Sömmerda,Landkreis,43,--,16,0,68,00,00,000,R,DEG0D,2009/01/01 00:00:00.000,69655,806.88,,2.70991287762533,0.103676386494457
393,393,16069,16069,160690024024,Hildburghausen,Landkreis,43,--,16,0,69,00,00,000,R,DEG0E,2009/01/01 00:00:00.000,63553,938.43,,3.0851227280065,0.118647505963012
394,394,16070,16070,160705050004,Ilm-Kreis,Landkreis,43,--,16,0,70,00,00,000,R,DEG0F,2009/01/01 00:00:00.000,108742,843.73,,2.59529504617216,0.107409151170818
395,395,16071,16071,160710001001,Weimarer Land,Landkreis,43,--,16,0,71,00,00,000,R,DEG0G,2009/01/01 00:00:00.000,81947,804.49,,3.17868896359618,0.102939276237506
396,396,16072,16072,160720018018,Sonneberg,Landkreis,43,--,16,0,72,00,00,000,R,DEG0H,2009/01/01 00:00:00.000,56196,433.61,,1.86582528070157,0.0547692488028046
397,397,16073,16073,160730077077,Saalfeld-Rudolstadt,Landkreis,43,--,16,0,73,00,00,000,R,DEG0I,2009/01/01 00:00:00.000,106356,1036.03,,3.37972207772994,0.131701246439956
398,398,16074,16074,160745052018,Saale-Holzland-Kreis,Landkreis,43,--,16,0,74,00,00,000,R,DEG0J,2009/01/01 00:00:00.000,83051,815.25,,2.81640878555977,0.10421600746997
399,399,16075,16075,160750098098,Saale-Orla-Kreis,Landkreis,43,--,16,0,75,00,00,000,R,DEG0K,2009/01/01 00:00:00.000,80868,1151.33,,2.99507114142355,0.146174466225767
400,400,16076,16076,160765052022,Greiz,Landkreis,43,--,16,0,76,00,00,000,R,DEG0L,2009/01/01 00:00:00.000,98159,845.96,,3.35114430824509,0.107785322231336
401,401,16077,16077,160770001001,Altenburger Land,Landkreis,43,--,16,0,77,00,00,000,R,DEG0M,2014/02/01 00:00:00.000,90118,569.41,,1.85150143659864,0.0728513200044007
